partei,votum_m,votum_w,party,m,w,per_capita_m,per_capita_w,abweichung
Grüne,540.0,555.0,Grüne,11.0,10.0,49.1,55.5,0.8846846846846848
FDP,749.0,500.0,FDP,17.0,12.0,44.1,41.7,1.0575539568345322
Die Mitte,383.0,164.0,Die Mitte,6.0,3.0,63.8,54.7,1.16636197440585
GLP,466.0,541.0,GLP,10.0,14.0,46.6,38.6,1.2072538860103628
EVP,452.0,46.0,EVP,7.0,1.0,64.6,46.0,1.4043478260869564
AL,422.0,295.0,AL,3.0,3.0,140.7,98.3,1.4313326551373347
SP,672.0,611.0,SP,14.0,20.0,48.0,30.6,1.5686274509803921
SVP,1797.0,258.0,SVP,34.0,11.0,52.9,23.5,2.251063829787234
